network,scheme,n,operation,gas,calldata_bytes,usd
ethereum-median,S0,1,register,217650,356,0.1223
ethereum-p90,S0,1,register,217650,356,0.5828
base,S0,1,register,217650,356,0.00357
arbitrum,S0,1,register,217650,356,0.0123
ethereum-median,S0,10,register,1869282,932,1.0502
ethereum-p90,S0,10,register,1869282,932,5.0054
base,S0,10,register,1869282,932,0.0305
arbitrum,S0,10,register,1869282,932,0.1022
ethereum-median,S0,50,register,9210305,3492,5.1743
ethereum-p90,S0,50,register,9210305,3492,24.6624
base,S0,50,register,9210305,3492,0.1501
arbitrum,S0,50,register,9210305,3492,0.5021
ethereum-median,S0,1,hop1,34434,68,0.0193
ethereum-p90,S0,1,hop1,34434,68,0.0922
base,S0,1,hop1,34434,68,0.000572
arbitrum,S0,1,hop1,34434,68,0.00212
ethereum-median,S0,1,hop2,34629,68,0.0195
ethereum-p90,S0,1,hop2,34629,68,0.0927
base,S0,1,hop2,34629,68,0.000575
arbitrum,S0,1,hop2,34629,68,0.00213
ethereum-median,S0,1,consume,33570,68,0.0189
ethereum-p90,S0,1,consume,33570,68,0.0899
base,S0,1,consume,33570,68,0.000558
arbitrum,S0,1,consume,33570,68,0.00208
ethereum-median,S1,1,register,266990,260,0.1500
ethereum-p90,S1,1,register,266990,260,0.7149
base,S1,1,register,266990,260,0.00437
arbitrum,S1,1,register,266990,260,0.0149
ethereum-median,S1,1,hop1,41093,100,0.0231
ethereum-p90,S1,1,hop1,41093,100,0.1100
base,S1,1,hop1,41093,100,0.000681
arbitrum,S1,1,hop1,41093,100,0.00237
ethereum-median,S1,1,hop2,41177,100,0.0231
ethereum-p90,S1,1,hop2,41177,100,0.1103
base,S1,1,hop2,41177,100,0.000682
arbitrum,S1,1,hop2,41177,100,0.00238
ethereum-median,S1,1,consume,72354,420,0.0406
ethereum-p90,S1,1,consume,72354,420,0.1937
base,S1,1,consume,72354,420,0.00120
arbitrum,S1,1,consume,72354,420,0.00418
ethereum-median,S2,1,register,266990,260,0.1500
ethereum-p90,S2,1,register,266990,260,0.7149
base,S2,1,register,266990,260,0.00437
arbitrum,S2,1,register,266990,260,0.0147
ethereum-median,S2,1,hop1,41093,100,0.0231
ethereum-p90,S2,1,hop1,41093,100,0.1100
base,S2,1,hop1,41093,100,0.000681
arbitrum,S2,1,hop1,41093,100,0.00238
ethereum-median,S2,1,hop2,41177,100,0.0231
ethereum-p90,S2,1,hop2,41177,100,0.1103
base,S2,1,hop2,41177,100,0.000682
arbitrum,S2,1,hop2,41177,100,0.00238
ethereum-median,S2,1,consume_cold,72346,420,0.0406
ethereum-p90,S2,1,consume_cold,72346,420,0.1937
base,S2,1,consume_cold,72346,420,0.00120
arbitrum,S2,1,consume_cold,72346,420,0.00417
ethereum-median,S2,1,consume_warm,72346,420,0.0406
ethereum-p90,S2,1,consume_warm,72346,420,0.1937
base,S2,1,consume_warm,72346,420,0.00120
arbitrum,S2,1,consume_warm,72346,420,0.00417
ethereum-median,S2,10,register,266990,260,0.1500
ethereum-p90,S2,10,register,266990,260,0.7149
base,S2,10,register,266990,260,0.00437
arbitrum,S2,10,register,266990,260,0.0147
ethereum-median,S2,10,hop1,41093,100,0.0231
ethereum-p90,S2,10,hop1,41093,100,0.1100
base,S2,10,hop1,41093,100,0.000681
arbitrum,S2,10,hop1,41093,100,0.00238
ethereum-median,S2,10,hop2,41177,100,0.0231
ethereum-p90,S2,10,hop2,41177,100,0.1103
base,S2,10,hop2,41177,100,0.000683
arbitrum,S2,10,hop2,41177,100,0.00238
ethereum-median,S2,10,split,91193,100,0.0512
ethereum-p90,S2,10,split,91193,100,0.2442
base,S2,10,split,91193,100,0.00150
arbitrum,S2,10,split,91193,100,0.00508
ethereum-median,S2,10,consume_cold,74649,516,0.0419
ethereum-p90,S2,10,consume_cold,74649,516,0.1999
base,S2,10,consume_cold,74649,516,0.00125
arbitrum,S2,10,consume_cold,74649,516,0.00437
ethereum-median,S2,10,consume_warm,57548,516,0.0323
ethereum-p90,S2,10,consume_warm,57548,516,0.1541
base,S2,10,consume_warm,57548,516,0.000974
arbitrum,S2,10,consume_warm,57548,516,0.00345
ethereum-median,S2,100,register,266990,260,0.1500
ethereum-p90,S2,100,register,266990,260,0.7149
base,S2,100,register,266990,260,0.00437
arbitrum,S2,100,register,266990,260,0.0147
ethereum-median,S2,100,hop1,41093,100,0.0231
ethereum-p90,S2,100,hop1,41093,100,0.1100
base,S2,100,hop1,41093,100,0.000681
arbitrum,S2,100,hop1,41093,100,0.00238
ethereum-median,S2,100,hop2,41177,100,0.0231
ethereum-p90,S2,100,hop2,41177,100,0.1103
base,S2,100,hop2,41177,100,0.000683
arbitrum,S2,100,hop2,41177,100,0.00238
ethereum-median,S2,100,split,91193,100,0.0512
ethereum-p90,S2,100,split,91193,100,0.2442
base,S2,100,split,91193,100,0.00150
arbitrum,S2,100,split,91193,100,0.00508
ethereum-median,S2,100,consume_cold,77649,644,0.0436
ethereum-p90,S2,100,consume_cold,77649,644,0.2079
base,S2,100,consume_cold,77649,644,0.00131
arbitrum,S2,100,consume_cold,77649,644,0.00462
ethereum-median,S2,100,consume_warm,59828,612,0.0336
ethereum-p90,S2,100,consume_warm,59828,612,0.1602
base,S2,100,consume_warm,59828,612,0.00102
arbitrum,S2,100,consume_warm,59828,612,0.00364
ethereum-median,S2,1000,register,267002,260,0.1500
ethereum-p90,S2,1000,register,267002,260,0.7150
base,S2,1000,register,267002,260,0.00437
arbitrum,S2,1000,register,267002,260,0.0147
ethereum-median,S2,1000,hop1,41117,100,0.0231
ethereum-p90,S2,1000,hop1,41117,100,0.1101
base,S2,1000,hop1,41117,100,0.000681
arbitrum,S2,1000,hop1,41117,100,0.00238
ethereum-median,S2,1000,hop2,41201,100,0.0231
ethereum-p90,S2,1000,hop2,41201,100,0.1103
base,S2,1000,hop2,41201,100,0.000682
arbitrum,S2,1000,hop2,41201,100,0.00238
ethereum-median,S2,1000,split,91217,100,0.0512
ethereum-p90,S2,1000,split,91217,100,0.2443
base,S2,1000,split,91217,100,0.00150
arbitrum,S2,1000,split,91217,100,0.00508
ethereum-median,S2,1000,consume_cold,79977,740,0.0449
ethereum-p90,S2,1000,consume_cold,79977,740,0.2142
base,S2,1000,consume_cold,79977,740,0.00136
arbitrum,S2,1000,consume_cold,79977,740,0.00481
ethereum-median,S2,1000,consume_warm,62900,740,0.0353
ethereum-p90,S2,1000,consume_warm,62900,740,0.1684
base,S2,1000,consume_warm,62900,740,0.00109
arbitrum,S2,1000,consume_warm,62900,740,0.00388
ethereum-median,S2,10000,register,266990,260,0.1500
ethereum-p90,S2,10000,register,266990,260,0.7149
base,S2,10000,register,266990,260,0.00437
arbitrum,S2,10000,register,266990,260,0.0147
ethereum-median,S2,10000,hop1,41117,100,0.0231
ethereum-p90,S2,10000,hop1,41117,100,0.1101
base,S2,10000,hop1,41117,100,0.000681
arbitrum,S2,10000,hop1,41117,100,0.00238
ethereum-median,S2,10000,hop2,41201,100,0.0231
ethereum-p90,S2,10000,hop2,41201,100,0.1103
base,S2,10000,hop2,41201,100,0.000683
arbitrum,S2,10000,hop2,41201,100,0.00238
ethereum-median,S2,10000,split,91217,100,0.0512
ethereum-p90,S2,10000,split,91217,100,0.2443
base,S2,10000,split,91217,100,0.00150
arbitrum,S2,10000,split,91217,100,0.00509
ethereum-median,S2,10000,consume_cold,82230,836,0.0462
ethereum-p90,S2,10000,consume_cold,82230,836,0.2202
base,S2,10000,consume_cold,82230,836,0.00141
arbitrum,S2,10000,consume_cold,82230,836,0.00499
ethereum-median,S2,10000,consume_warm,65167,836,0.0366
ethereum-p90,S2,10000,consume_warm,65167,836,0.1745
base,S2,10000,consume_warm,65167,836,0.00113
arbitrum,S2,10000,consume_warm,65167,836,0.00407
ethereum-median,S2,100000,register,267002,260,0.1500
ethereum-p90,S2,100000,register,267002,260,0.7150
base,S2,100000,register,267002,260,0.00437
arbitrum,S2,100000,register,267002,260,0.0147
ethereum-median,S2,100000,hop1,41129,100,0.0231
ethereum-p90,S2,100000,hop1,41129,100,0.1101
base,S2,100000,hop1,41129,100,0.000682
arbitrum,S2,100000,hop1,41129,100,0.00238
ethereum-median,S2,100000,hop2,41201,100,0.0231
ethereum-p90,S2,100000,hop2,41201,100,0.1103
base,S2,100000,hop2,41201,100,0.000683
arbitrum,S2,100000,hop2,41201,100,0.00238
ethereum-median,S2,100000,split,91217,100,0.0512
ethereum-p90,S2,100000,split,91217,100,0.2443
base,S2,100000,split,91217,100,0.00150
arbitrum,S2,100000,split,91217,100,0.00508
ethereum-median,S2,100000,consume_cold,85308,964,0.0479
ethereum-p90,S2,100000,consume_cold,85308,964,0.2284
base,S2,100000,consume_cold,85308,964,0.00148
arbitrum,S2,100000,consume_cold,85308,964,0.00524
ethereum-median,S2,100000,consume_warm,68192,964,0.0383
ethereum-p90,S2,100000,consume_warm,68192,964,0.1826
base,S2,100000,consume_warm,68192,964,0.00120
arbitrum,S2,100000,consume_warm,68192,964,0.00432
