network,scheme,n,usd_per_unit,usd_total
ethereum-median,S0,1,0.1799,0.1799
ethereum-median,S1,1,0.2369,0.2369
ethereum-median,S2,1,0.2369,0.2369
ethereum-p90,S0,1,0.8576,0.8576
ethereum-p90,S1,1,1.1290,1.1290
ethereum-p90,S2,1,1.1289,1.1289
base,S0,1,0.00527,0.00527
base,S1,1,0.00693,0.00693
base,S2,1,0.00693,0.00693
arbitrum,S0,1,0.0186,0.0186
arbitrum,S1,1,0.0239,0.0239
arbitrum,S2,1,0.0236,0.0236
ethereum-median,S0,10,0.1627,1.6268
ethereum-median,S1,10,0.2369,2.3686
ethereum-median,S2,10,0.0529,0.5291
ethereum-p90,S0,10,0.7754,7.7536
ethereum-p90,S1,10,1.1290,11.2896
ethereum-p90,S2,10,0.2522,2.5220
base,S0,10,0.00475,0.0475
base,S1,10,0.00693,0.0693
base,S2,10,0.00158,0.0158
arbitrum,S0,10,0.0166,0.1655
arbitrum,S1,10,0.0239,0.2385
arbitrum,S2,10,0.00548,0.0548
ethereum-median,S0,100,0.1611,16.1146
ethereum-median,S1,100,0.2369,23.6862
ethereum-median,S2,100,0.0357,3.5674
ethereum-p90,S0,100,0.7681,76.8069
ethereum-p90,S1,100,1.1290,112.8956
ethereum-p90,S2,100,0.1700,17.0031
base,S0,100,0.00471,0.4708
base,S1,100,0.00693,0.6933
base,S2,100,0.00108,0.1081
arbitrum,S0,100,0.0164,1.6367
arbitrum,S1,100,0.0239,2.3851
arbitrum,S2,100,0.00384,0.3841
ethereum-median,S0,1000,0.1611,161.1458
ethereum-median,S1,1000,0.2369,236.8621
ethereum-median,S2,1000,0.0356,35.5718
ethereum-p90,S0,1000,0.7681,768.0691
ethereum-p90,S1,1000,1.1290,1128.9558
ethereum-p90,S2,1000,0.1695,169.5456
base,S0,1000,0.00471,4.7079
base,S1,1000,0.00693,6.9332
base,S2,1000,0.00109,1.0922
arbitrum,S0,1000,0.0164,16.3675
arbitrum,S1,1000,0.0239,23.8510
arbitrum,S2,1000,0.00390,3.9003
ethereum-median,S0,10000,0.1611,1611.4578
ethereum-median,S1,10000,0.2369,2368.6212
ethereum-median,S2,10000,0.0367,366.6869
ethereum-p90,S0,10000,0.7681,7680.6906
ethereum-p90,S1,10000,1.1290,11289.5581
ethereum-p90,S2,10000,0.1748,1747.7397
base,S0,10000,0.00471,47.0786
base,S1,10000,0.00693,69.3319
base,S2,10000,0.00113,11.3474
arbitrum,S0,10000,0.0164,163.6745
arbitrum,S1,10000,0.0239,238.5100
arbitrum,S2,10000,0.00407,40.7173
ethereum-median,S0,100000,0.1611,16114.5783
ethereum-median,S1,100000,0.2369,23686.2123
ethereum-median,S2,100000,0.0383,3834.9725
ethereum-p90,S0,100000,0.7681,76806.9058
ethereum-p90,S1,100000,1.1290,112895.5808
ethereum-p90,S2,100000,0.1828,18278.6274
base,S0,100000,0.00471,470.7857
base,S1,100000,0.00693,693.3188
base,S2,100000,0.00120,119.8497
arbitrum,S0,100000,0.0164,1636.7455
arbitrum,S1,100000,0.0239,2385.0998
arbitrum,S2,100000,0.00432,431.9029
