scheme,n,gas_per_unit,total_gas,tx_count
S0,1,320282.8,320283,4
S1,1,421614.4,421614,4
S2,1,421606.0,421606,4
S0,10,289561.0,2895610,31
S1,10,421609.6,4216096,40
S2,10,94184.1,941841,13
S0,100,286839.4,28683940,302
S1,100,421611.4,42161140,400
S2,100,63498.8,6349881,103
S0,1000,286838.9,286838896,3020
S1,1000,421611.4,421611424,4000
S2,1000,63317.6,63317628,1003
S0,10000,286838.9,2868389092,30200
S1,10000,421611.4,4216114240,40000
S2,10000,65270.2,652701828,10003
S0,100000,286838.9,28683890920,302000
S1,100000,421611.4,42161142400,400000
S2,100000,68262.4,6826241688,100003
