scheme,n,total_gas,gas_per_unit,tx_count,method
S0,1,217650,217650.0,1,measured
S1,1,266990,266990.0,1,measured
S2,1,266990,266990.000,1,measured
S0,10,1869282,186928.2,1,measured
S1,10,2669852,266985.2,10,measured
S2,10,266990,26699.000,1,measured
S0,100,18420660,184206.6,2,measured
S1,100,26698700,266987.0,100,measured
S2,100,266990,2669.900,1,measured
S0,1000,184206096,184206.1,20,measured
S1,1000,266987024,266987.0,1000,measured
S2,1000,267002,267.002,1,measured
S0,10000,1842061092,184206.1,200,measured
S1,10000,2669870240,266987.0,10000,extrapolated
S2,10000,266990,26.699,1,measured
S0,100000,18420610920,184206.1,2000,extrapolated
S1,100000,26698702400,266987.0,100000,extrapolated
S2,100000,267002,2.670,1,measured
