scheme,n,operation,gas,proof_length
S0,1,transfer_hop1,34434,0
S0,1,transfer_hop2,34629,0
S0,1,consume,33570,0
S1,1,transfer_hop1,41093,0
S1,1,transfer_hop2,41177,0
S1,1,consume,72354,0
S2,1,transfer_hop1,41093,0
S2,1,transfer_hop2,41177,0
S2,1,consume_cold,72346,0
S2,10,transfer_hop1,41093,0
S2,10,transfer_split,91193,0
S2,10,transfer_hop2,41177,0
S2,10,consume_cold,74649,3
S2,10,consume_warm,57548,3
S2,100,transfer_hop1,41093,0
S2,100,transfer_split,91193,0
S2,100,transfer_hop2,41177,0
S2,100,consume_cold,77649,7
S2,100,consume_warm,59828,6
S2,1000,transfer_hop1,41117,0
S2,1000,transfer_split,91217,0
S2,1000,transfer_hop2,41201,0
S2,1000,consume_cold,79977,10
S2,1000,consume_warm,62900,10
S2,10000,transfer_hop1,41117,0
S2,10000,transfer_split,91217,0
S2,10000,transfer_hop2,41201,0
S2,10000,consume_cold,82230,13
S2,10000,consume_warm,65167,13
S2,100000,transfer_hop1,41129,0
S2,100000,transfer_split,91217,0
S2,100000,transfer_hop2,41201,0
S2,100000,consume_cold,85308,17
S2,100000,consume_warm,68192,17
