chain,chain_id,n,label,payload_chars,qr_version,modules,module_mm
ethereum,1,1,public,45,4,33,1.030
ethereum,1,1,secret,81,5,37,0.919
ethereum,1,10,public,45,4,33,1.030
ethereum,1,10,secret,81,5,37,0.919
ethereum,1,100,public,46,4,33,1.030
ethereum,1,100,secret,82,5,37,0.919
ethereum,1,1000,public,47,4,33,1.030
ethereum,1,1000,secret,83,5,37,0.919
ethereum,1,10000,public,48,4,33,1.030
ethereum,1,10000,secret,84,5,37,0.919
ethereum,1,100000,public,49,4,33,1.030
ethereum,1,100000,secret,85,6,41,0.829
ethereum,1,1048576,public,51,4,33,1.030
ethereum,1,1048576,secret,87,6,41,0.829
base,8453,1,public,48,4,33,1.030
base,8453,1,secret,84,5,37,0.919
base,8453,10,public,48,4,33,1.030
base,8453,10,secret,84,5,37,0.919
base,8453,100,public,49,4,33,1.030
base,8453,100,secret,85,6,41,0.829
base,8453,1000,public,50,4,33,1.030
base,8453,1000,secret,86,6,41,0.829
base,8453,10000,public,51,4,33,1.030
base,8453,10000,secret,87,6,41,0.829
base,8453,100000,public,52,4,33,1.030
base,8453,100000,secret,88,6,41,0.829
base,8453,1048576,public,54,4,33,1.030
base,8453,1048576,secret,90,6,41,0.829
arbitrum,42161,1,public,49,4,33,1.030
arbitrum,42161,1,secret,85,6,41,0.829
arbitrum,42161,10,public,49,4,33,1.030
arbitrum,42161,10,secret,85,6,41,0.829
arbitrum,42161,100,public,50,4,33,1.030
arbitrum,42161,100,secret,86,6,41,0.829
arbitrum,42161,1000,public,51,4,33,1.030
arbitrum,42161,1000,secret,87,6,41,0.829
arbitrum,42161,10000,public,52,4,33,1.030
arbitrum,42161,10000,secret,88,6,41,0.829
arbitrum,42161,100000,public,53,4,33,1.030
arbitrum,42161,100000,secret,89,6,41,0.829
arbitrum,42161,1048576,public,55,4,33,1.030
arbitrum,42161,1048576,secret,91,6,41,0.829
hardhat,31337,1,public,49,4,33,1.030
hardhat,31337,1,secret,85,6,41,0.829
hardhat,31337,10,public,49,4,33,1.030
hardhat,31337,10,secret,85,6,41,0.829
hardhat,31337,100,public,50,4,33,1.030
hardhat,31337,100,secret,86,6,41,0.829
hardhat,31337,1000,public,51,4,33,1.030
hardhat,31337,1000,secret,87,6,41,0.829
hardhat,31337,10000,public,52,4,33,1.030
hardhat,31337,10000,secret,88,6,41,0.829
hardhat,31337,100000,public,53,4,33,1.030
hardhat,31337,100000,secret,89,6,41,0.829
hardhat,31337,1048576,public,55,4,33,1.030
hardhat,31337,1048576,secret,91,6,41,0.829
