timestamp,label,endpoint,cache,concurrency,duration_s,requests,ok,throttled,errors,throughput_rps,p50_ms,p95_ms,p99_ms,max_ms,mean_ms
2026-10-01T15:43:51Z,"i7-1165G7 8T, loopback",verify,snapshot-cache,1,10.00,1127,1127,0,0,112.70,6.98,15.64,61.98,259.89,8.86
2026-10-01T15:44:03Z,"i7-1165G7 8T, loopback",verify,snapshot-cache,8,10.00,6430,6430,0,0,643.00,10.40,21.42,77.41,133.31,12.43
2026-10-01T15:44:15Z,"i7-1165G7 8T, loopback",verify,snapshot-cache,32,10.00,6848,6848,0,0,684.80,42.40,66.96,129.31,201.66,46.62
2026-10-01T15:44:27Z,"i7-1165G7 8T, loopback",verify,snapshot-cache,64,10.00,6911,6911,0,0,691.10,81.20,162.89,285.44,362.71,92.21
2026-10-01T15:44:39Z,"i7-1165G7 8T, loopback",proof,snapshot-cache,1,10.00,43626,43626,0,0,4362.60,0.20,0.32,0.53,9.03,0.23
2026-10-01T15:44:51Z,"i7-1165G7 8T, loopback",proof,snapshot-cache,8,10.00,124965,124965,0,0,12496.50,0.55,1.10,1.83,15.05,0.63
2026-10-01T15:45:03Z,"i7-1165G7 8T, loopback",proof,snapshot-cache,32,10.00,139776,139776,0,0,13977.60,2.07,3.58,5.87,22.59,2.28
2026-10-01T15:45:15Z,"i7-1165G7 8T, loopback",proof,snapshot-cache,64,10.00,137028,137028,0,0,13702.80,4.32,6.72,12.02,40.48,4.66
2026-10-01T15:45:27Z,"i7-1165G7 8T, loopback",batch,snapshot-cache,1,10.00,114035,114035,0,0,11403.50,0.07,0.12,0.25,7.18,0.08
2026-10-01T15:45:39Z,"i7-1165G7 8T, loopback",batch,snapshot-cache,8,10.00,352890,352890,0,0,35289.00,0.18,0.47,0.87,18.78,0.22
2026-10-01T15:45:51Z,"i7-1165G7 8T, loopback",batch,snapshot-cache,32,10.00,395913,395913,0,0,39591.30,0.57,2.18,3.82,24.82,0.80
2026-10-01T15:46:03Z,"i7-1165G7 8T, loopback",batch,snapshot-cache,64,10.00,462802,462802,0,0,46280.20,0.94,4.06,6.34,27.29,1.37
2026-10-01T15:46:15Z,"i7-1165G7 8T, loopback",verify,no-cache,1,10.00,1347,1347,0,0,134.70,6.38,9.76,27.90,420.41,7.41
2026-10-01T15:46:27Z,"i7-1165G7 8T, loopback",verify,no-cache,8,10.00,5496,5496,0,0,549.60,10.77,17.39,61.95,1000.21,14.54
2026-10-01T15:46:39Z,"i7-1165G7 8T, loopback",verify,no-cache,32,10.00,6102,6102,0,0,610.20,43.81,87.97,407.52,568.70,52.34
2026-10-01T15:46:51Z,"i7-1165G7 8T, loopback",verify,no-cache,64,10.00,7376,7376,0,0,737.60,78.84,123.97,241.02,405.65,86.44
2026-10-01T15:47:03Z,"i7-1165G7 8T, loopback; block=0ms",consume,n/a,1,8.00,688,688,0,0,86.00,9.99,18.72,43.81,65.00,11.64
2026-10-01T15:47:07Z,"i7-1165G7 8T, loopback; block=0ms",consume,n/a,8,8.00,812,812,0,0,101.50,34.31,92.50,159.22,317.20,42.94
2026-10-01T15:48:03Z,"i7-1165G7 8T, loopback; block=2000ms",consume,n/a,1,40.00,20,20,0,0,0.50,2018.24,2029.08,2041.63,2041.63,2017.55
2026-10-01T15:48:45Z,"i7-1165G7 8T, loopback; block=2000ms",consume,n/a,8,40.00,168,168,0,0,4.20,2015.04,2035.76,2053.80,2072.80,1996.16
2026-10-01T15:52:10Z,"i7-1165G7 8T, loopback; block=12000ms",consume,n/a,1,120.00,10,10,0,0,0.08,12019.09,12024.42,12024.42,12024.42,12019.17
2026-10-01T15:54:22Z,"i7-1165G7 8T, loopback; block=12000ms",consume,n/a,8,120.00,88,88,0,0,0.73,12015.37,12030.20,12054.32,12064.50,11972.91
