threshold,tp,fp,tn,fn,precision,recall,f1,fpr
0.0500,4834,941,4059,166,0.8371,0.9668,0.8973,0.1882
0.1000,4834,941,4059,166,0.8371,0.9668,0.8973,0.1882
0.1500,4834,941,4059,166,0.8371,0.9668,0.8973,0.1882
0.2000,4834,941,4059,166,0.8371,0.9668,0.8973,0.1882
0.2500,4834,941,4059,166,0.8371,0.9668,0.8973,0.1882
0.3000,4784,891,4109,216,0.8430,0.9568,0.8963,0.1782
0.3500,4510,858,4142,490,0.8402,0.9020,0.8700,0.1716
0.4000,4510,858,4142,490,0.8402,0.9020,0.8700,0.1716
0.4500,4486,855,4145,514,0.8399,0.8972,0.8676,0.1710
0.5000,4207,86,4914,793,0.9800,0.8414,0.9054,0.0172
0.5500,4160,86,4914,840,0.9797,0.8320,0.8998,0.0172
0.6000,4139,77,4923,861,0.9817,0.8278,0.8982,0.0154
0.6500,3652,50,4950,1348,0.9865,0.7304,0.8393,0.0100
0.7000,3557,4,4996,1443,0.9989,0.7114,0.8310,0.0008
0.7500,3344,3,4997,1656,0.9991,0.6688,0.8012,0.0006
0.8000,2981,0,5000,2019,1.0000,0.5962,0.7470,0.0000
0.8500,2849,0,5000,2151,1.0000,0.5698,0.7260,0.0000
0.9000,2438,0,5000,2562,1.0000,0.4876,0.6556,0.0000
0.9500,2110,0,5000,2890,1.0000,0.4220,0.5935,0.0000
