id,threat,adversary,capability,mitigation,residual_risk,residual_level
T1,Cloned public label,Counterfeiter,"Copies any public QR, prints unlimited labels, scans with many phones","Public QR carries no secret, so a copy cannot consume; noisy-OR clone score over devices, post-consumption scans and regions marks it Suspicious","One copy sold locally before the genuine unit is scanned looks normal (recall 0.37 for one copy, 0.90 for three, >=0.99 for five or more)",Medium
T2,Refilled genuine packaging,Refiller,"Owns used packaging with a scratched secret label","Per-batch bitmap rejects a second consume (UnitAlreadyConsumed, HTTP 409); verify shows Consumed; new devices after consumption raise risk","Relies on the first buyer recording consumption",Low
T3,Secret layer scratched or photographed before sale,Insider,"Holds sealed stock and can scratch secret layers","Tamper-evident layer; key only authorizes consumption; a box consumed before sale shows Consumed","Insider can burn units (denial of service); handled by refund and segment recall",Medium
T4,Forged unit (key not in the batch),Counterfeiter,"Generates arbitrary keys and labels","Merkle proof of (index, unitKey) against the on-chain root, checked by the API (HTTP 400) and the contract; unknown units return 404",None,None
T5,Consumption front-running or redirect,MEV searcher,"Reads and copies mempool transactions","Consumer address is inside the signed EIP-712 data","Race is harmless; first submitter pays gas",None
T6,Signature replay,Network attacker,"Replays authorizations on other chains or contracts","EIP-712 domain binds chainId and registry address; bitmap; deadline",None,None
T7,Custody fraud,Insider,"Skips the distributor or ships to a non-pharmacy","On-chain owner check, one-step status machine, recipient role; segments partition the batch","Demo API holds the parties' keys (production: parties' own wallets/HSMs)",Low
T8,Lying API,Compromised API,"Returns arbitrary verdicts and proofs","App recomputes the leaf and proof and reads root and consumed flag over its own RPC; contradiction -> Suspicious","Custody stage, profile, recall and risk still come from the API; needs an honest RPC",Low
T9,Database breach,Curious observer / insider,"Reads the API database","No unit keys stored; HMAC-salted device ids; coarse regions; consumer keys hold no funds","Scan volume and coarse region per unit leak; one install's consumptions are linkable",Low
T10,Framing a genuine unit,Griefer,"Scans a unit from many fake device ids","Per-IP verify rate limit; risk changes only the displayed verdict, never consume; reasons are shown","A distributed griefer can raise a unit's risk; admin review list",Low
T11,Relayer draining,Griefer,"Floods the consume endpoint","API pre-checks every rule before relaying; consume rate limit; key rotation","One consume (58k-85k gas) per genuine sold unit",Low
T12,Manifest tampering or loss,Network attacker,"Alters or withholds IPFS content","metadataHash on-chain; proofs in Postgres; restored manifests checked against the root","Losing both the database and all pins prevents proof rebuilding",Low
T13,Lookalike verify site,Counterfeiter,"Prints QR codes pointing to a phishing domain","App always verifies against its own API and chain; App Link verified for the official host only","Users opening links in a browser can be misled",Low
T14,Contract bug or admin misuse,Insider with admin key,"Exploits a bug or abuses admin powers","Non-upgradeable; OpenZeppelin primitives; 100% line coverage, property tests, Slither","Stolen admin key can pause, grant roles and recall (use a multisig)",Low
T15,Resource exhaustion at registration,Malicious manufacturer,"Registers huge or duplicate batches","MAX_BATCH_SIZE 2^20 on-chain; API MAX_BATCH_UNITS 5000; lot uniqueness",None,None
